tt16360006	50549	Bubble
tt9598270	34439	Code Geass: Hangyaku no Lelouch II - Handou
tt9844256	34440	Code Geass: Hangyaku no Lelouch III - Oudou
tt8100900	34438	Code Geass: Hangyaku no Lelouch I - Koudou
tt9277666	6624	Kara no Kyoukai Remix: Gate of Seventh Heaven
tt1155650	2593	Kara no Kyoukai: Fukan Fuukei
tt1155651	3782	Kara no Kyoukai: Satsujin Kousatsu (Zen)
tt1155652	3783	Kara no Kyoukai: Tsuukaku Zanryuu
tt1233474	4280	Kara no Kyoukai: Garan no Dou
tt1278060	4282	Kara no Kyoukai: Mujun Rasen
tt1343089	5204	Kara no Kyoukai: Boukyaku Rokuon
tt1345776	5205	Kara no Kyoukai: Satsujin Kousatsu (Go)
tt3868344	6954	Kara no Kyoukai: Shuushou
tt11032374	40456	Kimetsu no Yaiba: Mugen Ressha-hen
tt10253816	34544	Koutetsujou no Kabaneri: Unato Kessen
tt10068158	37514	Made in Abyss: Tabidachi no Yoake
tt10068544	37515	Made in Abyss: Hourou Suru Tasogare
tt15497404	48375	Mahouka Koukou no Rettousei: Tsuioku-hen
tt13288678	37765	Kidou Senshi Gundam: Senkou no Hathaway
tt7933596	35949	Kidou Senshi Gundam Thunderbolt: Bandit Flower
tt11107074	39565	Boku no Hero Academia THE MOVIE: Heroes:Rising
tt13651628	44807	Ryuu to Sobakasu no Hime
tt6337252	34504	Seitokai Yakuindomo Movie
tt12439230	40814	Seitokai Yakuindomo Movie 2
tt12642574	35759	Sidonia no Kishi: Ai Tsumugu Hoshi
tt13424422	42916	Sword Art Online: Progressive - Hoshinaki Yoru no Aria
tt8652818	37987	Violet Evergarden Movie
tt0113568	43	Ghost in the Shell
tt0347246	468	Ghost in the Shell 2 : Innocence
tt1260502	4672	Ghost in the Shell 2.0
tt6078840	36098	Kimi no Suizou wo Tabetai
tt0259974	2961	Digimon Adventure Movie
tt4531412	25015	Kyoukai no Kanata: I'LL BE HERE - Kako-hen
tt4539114	28675	Kyoukai no Kanata: I'LL BE HERE - Mirai-hen
tt11639420	37704	High School Fleet Movie
